dadm_pavadinimas,metai1,fktp_id3,programos_pgl_amziu_pavadinimas2,metai,fktp_id2
Alytaus apskr.,2003,-,,,
Kauno apskr.,2003,-,,,
Klaipėdos apskr.,2003,-,,,
Marijampolės apskr.,2003,-,,,
Panevėžio apskr.,2003,-,,,
Šiaulių apskr.,2003,-,,,
Tauragės apskr.,2003,-,,,
Telšių apskr.,2003,-,,,
Utenos apskr.,2003,-,,,
Vilniaus apskr.,2003,7,,,
Alytaus apskr.,2004,-,,,
Kauno apskr.,2004,-,,,
Klaipėdos apskr.,2004,-,,,
Marijampolės apskr.,2004,-,,,
Panevėžio apskr.,2004,-,,,
Šiaulių apskr.,2004,-,,,
Tauragės apskr.,2004,-,,,
Telšių apskr.,2004,-,,,
Utenos apskr.,2004,-,,,
Vilniaus apskr.,2004,15,,,
Alytaus apskr.,2005,-,,,
Kauno apskr.,2005,5,,,
Klaipėdos apskr.,2005,-,,,
Marijampolės apskr.,2005,-,,,
Panevėžio apskr.,2005,-,,,
Šiaulių apskr.,2005,1,,,
Tauragės apskr.,2005,-,,,
Telšių apskr.,2005,-,,,
Utenos apskr.,2005,-,,,
Vilniaus apskr.,2005,19,,,
Alytaus apskr.,2006,1,,,
Kauno apskr.,2006,5,,,
Klaipėdos apskr.,2006,-,,,
Marijampolės apskr.,2006,-,,,
Panevėžio apskr.,2006,-,,,
Šiaulių apskr.,2006,1,,,
Tauragės apskr.,2006,-,,,
Telšių apskr.,2006,-,,,
Utenos apskr.,2006,-,,,
Vilniaus apskr.,2006,19,,,
Alytaus apskr.,2007,1,,,
Kauno apskr.,2007,10,,,
Klaipėdos apskr.,2007,-,,,
Marijampolės apskr.,2007,-,,,
Panevėžio apskr.,2007,-,,,
Šiaulių apskr.,2007,1,,,
Tauragės apskr.,2007,-,,,
Telšių apskr.,2007,-,,,
Utenos apskr.,2007,-,,,
Vilniaus apskr.,2007,29,,,
Alytaus apskr.,2008,7,,,
Kauno apskr.,2008,10,,,
Klaipėdos apskr.,2008,1,,,
Marijampolės apskr.,2008,-,,,
Panevėžio apskr.,2008,-,,,
Šiaulių apskr.,2008,3,,,
Tauragės apskr.,2008,-,,,
Telšių apskr.,2008,-,,,
Utenos apskr.,2008,4,,,
Vilniaus apskr.,2008,33,,,
Alytaus apskr.,2009,20,,,
Kauno apskr.,2009,29,,,
Klaipėdos apskr.,2009,4,,,
Marijampolės apskr.,2009,2,,,
Panevėžio apskr.,2009,9,,,
Šiaulių apskr.,2009,58,,,
Tauragės apskr.,2009,1,,,
Telšių apskr.,2009,-,,,
Utenos apskr.,2009,19,,,
Vilniaus apskr.,2009,152,,,
Alytaus apskr.,2010,116,,,
Kauno apskr.,2010,197,,,
Klaipėdos apskr.,2010,141,,,
Marijampolės apskr.,2010,13,,,
Panevėžio apskr.,2010,43,,,
Šiaulių apskr.,2010,229,,,
Tauragės apskr.,2010,2,,,
Telšių apskr.,2010,24,,,
Utenos apskr.,2010,59,,,
Vilniaus apskr.,2010,449,,,
Alytaus apskr.,2011,168,,,
Kauno apskr.,2011,302,,,
Klaipėdos apskr.,2011,202,,,
Marijampolės apskr.,2011,17,,,
Panevėžio apskr.,2011,75,,,
Šiaulių apskr.,2011,338,,,
Tauragės apskr.,2011,2,,,
Telšių apskr.,2011,33,,,
Utenos apskr.,2011,75,,,
Vilniaus apskr.,2011,737,,,
Alytaus apskr.,2012,257,,,
Kauno apskr.,2012,405,,,
Klaipėdos apskr.,2012,472,,,
Marijampolės apskr.,2012,17,,,
Panevėžio apskr.,2012,111,,,
Šiaulių apskr.,2012,375,,,
Tauragės apskr.,2012,14,,,
Telšių apskr.,2012,52,,,
Utenos apskr.,2012,89,,,
Vilniaus apskr.,2012,969,,,
Alytaus apskr.,2013,357,,,
Kauno apskr.,2013,500,,,
Klaipėdos apskr.,2013,512,,,
Marijampolės apskr.,2013,17,,,
Panevėžio apskr.,2013,224,,,
Šiaulių apskr.,2013,507,,,
Tauragės apskr.,2013,37,,,
Telšių apskr.,2013,112,,,
Utenos apskr.,2013,130,,,
Vilniaus apskr.,2013,1077,,,
Alytaus apskr.,2014,385,,,
Kauno apskr.,2014,649,,,
Klaipėdos apskr.,2014,533,,,
Marijampolės apskr.,2014,18,,,
Panevėžio apskr.,2014,228,,,
Šiaulių apskr.,2014,570,,,
Tauragės apskr.,2014,39,,,
Telšių apskr.,2014,117,,,
Utenos apskr.,2014,150,,,
Vilniaus apskr.,2014,1227,,,
Alytaus apskr.,2015,385,,,
Kauno apskr.,2015,649,,,
Klaipėdos apskr.,2015,533,,,
Marijampolės apskr.,2015,18,,,
Panevėžio apskr.,2015,228,,,
Šiaulių apskr.,2015,568,,,
Tauragės apskr.,2015,39,,,
Telšių apskr.,2015,117,,,
Utenos apskr.,2015,150,,,
Vilniaus apskr.,2015,1227,,,
Alytaus apskr.,2016,229,,,
Kauno apskr.,2016,602,,,
Klaipėdos apskr.,2016,360,,,
Marijampolės apskr.,2016,11,,,
Panevėžio apskr.,2016,200,,,
Šiaulių apskr.,2016,252,,,
Tauragės apskr.,2016,38,,,
Telšių apskr.,2016,62,,,
Utenos apskr.,2016,115,,,
Vilniaus apskr.,2016,839,,,
Alytaus apskr.,2017,229,,,
Kauno apskr.,2017,602,,,
Klaipėdos apskr.,2017,360,,,
Marijampolės apskr.,2017,11,,,
Panevėžio apskr.,2017,200,,,
Šiaulių apskr.,2017,252,,,
Tauragės apskr.,2017,38,,,
Telšių apskr.,2017,62,,,
Utenos apskr.,2017,115,,,
Vilniaus apskr.,2017,839,,,
Alytaus apskr.,2018,229,,,
Kauno apskr.,2018,596,,,
Klaipėdos apskr.,2018,354,,,
Marijampolės apskr.,2018,11,,,
Panevėžio apskr.,2018,200,,,
Šiaulių apskr.,2018,252,,,
Tauragės apskr.,2018,38,,,
Telšių apskr.,2018,62,,,
Utenos apskr.,2018,115,,,
Vilniaus apskr.,2018,839,,,
Alytaus apskr.,,,Kitų profesijų (ne pedagogų) suaugusiųjų švietimo tobulinimo programos,2003,-
Kauno apskr.,,,Kitų profesijų (ne pedagogų) suaugusiųjų švietimo tobulinimo programos,2003,-
Klaipėdos apskr.,,,Kitų profesijų (ne pedagogų) suaugusiųjų švietimo tobulinimo programos,2003,-
Marijampolės apskr.,,,Kitų profesijų (ne pedagogų) suaugusiųjų švietimo tobulinimo programos,2003,-
Panevėžio apskr.,,,Kitų profesijų (ne pedagogų) suaugusiųjų švietimo tobulinimo programos,2003,-
Šiaulių apskr.,,,Kitų profesijų (ne pedagogų) suaugusiųjų švietimo tobulinimo programos,2003,-
Tauragės apskr.,,,Kitų profesijų (ne pedagogų) suaugusiųjų švietimo tobulinimo programos,2003,-
Telšių apskr.,,,Kitų profesijų (ne pedagogų) suaugusiųjų švietimo tobulinimo programos,2003,-
Utenos apskr.,,,Kitų profesijų (ne pedagogų) suaugusiųjų švietimo tobulinimo programos,2003,-
Vilniaus apskr.,,,Kitų profesijų (ne pedagogų) suaugusiųjų švietimo tobulinimo programos,2003,-
Alytaus apskr.,,,Kitų profesijų (ne pedagogų) suaugusiųjų švietimo tobulinimo programos,2004,-
Kauno apskr.,,,Kitų profesijų (ne pedagogų) suaugusiųjų švietimo tobulinimo programos,2004,-
Klaipėdos apskr.,,,Kitų profesijų (ne pedagogų) suaugusiųjų švietimo tobulinimo programos,2004,-
Marijampolės apskr.,,,Kitų profesijų (ne pedagogų) suaugusiųjų švietimo tobulinimo programos,2004,-
Panevėžio apskr.,,,Kitų profesijų (ne pedagogų) suaugusiųjų švietimo tobulinimo programos,2004,-
Šiaulių apskr.,,,Kitų profesijų (ne pedagogų) suaugusiųjų švietimo tobulinimo programos,2004,-
Tauragės apskr.,,,Kitų profesijų (ne pedagogų) suaugusiųjų švietimo tobulinimo programos,2004,-
Telšių apskr.,,,Kitų profesijų (ne pedagogų) suaugusiųjų švietimo tobulinimo programos,2004,-
Utenos apskr.,,,Kitų profesijų (ne pedagogų) suaugusiųjų švietimo tobulinimo programos,2004,-
Vilniaus apskr.,,,Kitų profesijų (ne pedagogų) suaugusiųjų švietimo tobulinimo programos,2004,-
Alytaus apskr.,,,Kitų profesijų (ne pedagogų) suaugusiųjų švietimo tobulinimo programos,2005,-
Kauno apskr.,,,Kitų profesijų (ne pedagogų) suaugusiųjų švietimo tobulinimo programos,2005,-
Klaipėdos apskr.,,,Kitų profesijų (ne pedagogų) suaugusiųjų švietimo tobulinimo programos,2005,-
Marijampolės apskr.,,,Kitų profesijų (ne pedagogų) suaugusiųjų švietimo tobulinimo programos,2005,-
Panevėžio apskr.,,,Kitų profesijų (ne pedagogų) suaugusiųjų švietimo tobulinimo programos,2005,-
Šiaulių apskr.,,,Kitų profesijų (ne pedagogų) suaugusiųjų švietimo tobulinimo programos,2005,-
Tauragės apskr.,,,Kitų profesijų (ne pedagogų) suaugusiųjų švietimo tobulinimo programos,2005,-
Telšių apskr.,,,Kitų profesijų (ne pedagogų) suaugusiųjų švietimo tobulinimo programos,2005,-
Utenos apskr.,,,Kitų profesijų (ne pedagogų) suaugusiųjų švietimo tobulinimo programos,2005,-
Vilniaus apskr.,,,Kitų profesijų (ne pedagogų) suaugusiųjų švietimo tobulinimo programos,2005,-
Alytaus apskr.,,,Kitų profesijų (ne pedagogų) suaugusiųjų švietimo tobulinimo programos,2006,-
Kauno apskr.,,,Kitų profesijų (ne pedagogų) suaugusiųjų švietimo tobulinimo programos,2006,-
Klaipėdos apskr.,,,Kitų profesijų (ne pedagogų) suaugusiųjų švietimo tobulinimo programos,2006,-
Marijampolės apskr.,,,Kitų profesijų (ne pedagogų) suaugusiųjų švietimo tobulinimo programos,2006,-
Panevėžio apskr.,,,Kitų profesijų (ne pedagogų) suaugusiųjų švietimo tobulinimo programos,2006,-
Šiaulių apskr.,,,Kitų profesijų (ne pedagogų) suaugusiųjų švietimo tobulinimo programos,2006,-
Tauragės apskr.,,,Kitų profesijų (ne pedagogų) suaugusiųjų švietimo tobulinimo programos,2006,-
Telšių apskr.,,,Kitų profesijų (ne pedagogų) suaugusiųjų švietimo tobulinimo programos,2006,-
Utenos apskr.,,,Kitų profesijų (ne pedagogų) suaugusiųjų švietimo tobulinimo programos,2006,-
Vilniaus apskr.,,,Kitų profesijų (ne pedagogų) suaugusiųjų švietimo tobulinimo programos,2006,-
Alytaus apskr.,,,Kitų profesijų (ne pedagogų) suaugusiųjų švietimo tobulinimo programos,2007,-
Kauno apskr.,,,Kitų profesijų (ne pedagogų) suaugusiųjų švietimo tobulinimo programos,2007,-
Klaipėdos apskr.,,,Kitų profesijų (ne pedagogų) suaugusiųjų švietimo tobulinimo programos,2007,-
Marijampolės apskr.,,,Kitų profesijų (ne pedagogų) suaugusiųjų švietimo tobulinimo programos,2007,-
Panevėžio apskr.,,,Kitų profesijų (ne pedagogų) suaugusiųjų švietimo tobulinimo programos,2007,-
Šiaulių apskr.,,,Kitų profesijų (ne pedagogų) suaugusiųjų švietimo tobulinimo programos,2007,-
Tauragės apskr.,,,Kitų profesijų (ne pedagogų) suaugusiųjų švietimo tobulinimo programos,2007,-
Telšių apskr.,,,Kitų profesijų (ne pedagogų) suaugusiųjų švietimo tobulinimo programos,2007,-
Utenos apskr.,,,Kitų profesijų (ne pedagogų) suaugusiųjų švietimo tobulinimo programos,2007,-
Vilniaus apskr.,,,Kitų profesijų (ne pedagogų) suaugusiųjų švietimo tobulinimo programos,2007,-
Alytaus apskr.,,,Kitų profesijų (ne pedagogų) suaugusiųjų švietimo tobulinimo programos,2008,-
Kauno apskr.,,,Kitų profesijų (ne pedagogų) suaugusiųjų švietimo tobulinimo programos,2008,-
Klaipėdos apskr.,,,Kitų profesijų (ne pedagogų) suaugusiųjų švietimo tobulinimo programos,2008,-
Marijampolės apskr.,,,Kitų profesijų (ne pedagogų) suaugusiųjų švietimo tobulinimo programos,2008,-
Panevėžio apskr.,,,Kitų profesijų (ne pedagogų) suaugusiųjų švietimo tobulinimo programos,2008,-
Šiaulių apskr.,,,Kitų profesijų (ne pedagogų) suaugusiųjų švietimo tobulinimo programos,2008,-
Tauragės apskr.,,,Kitų profesijų (ne pedagogų) suaugusiųjų švietimo tobulinimo programos,2008,-
Telšių apskr.,,,Kitų profesijų (ne pedagogų) suaugusiųjų švietimo tobulinimo programos,2008,-
Utenos apskr.,,,Kitų profesijų (ne pedagogų) suaugusiųjų švietimo tobulinimo programos,2008,-
Vilniaus apskr.,,,Kitų profesijų (ne pedagogų) suaugusiųjų švietimo tobulinimo programos,2008,-
Alytaus apskr.,,,Kitų profesijų (ne pedagogų) suaugusiųjų švietimo tobulinimo programos,2009,1
Kauno apskr.,,,Kitų profesijų (ne pedagogų) suaugusiųjų švietimo tobulinimo programos,2009,-
Klaipėdos apskr.,,,Kitų profesijų (ne pedagogų) suaugusiųjų švietimo tobulinimo programos,2009,-
Marijampolės apskr.,,,Kitų profesijų (ne pedagogų) suaugusiųjų švietimo tobulinimo programos,2009,-
Panevėžio apskr.,,,Kitų profesijų (ne pedagogų) suaugusiųjų švietimo tobulinimo programos,2009,-
Šiaulių apskr.,,,Kitų profesijų (ne pedagogų) suaugusiųjų švietimo tobulinimo programos,2009,5
Tauragės apskr.,,,Kitų profesijų (ne pedagogų) suaugusiųjų švietimo tobulinimo programos,2009,-
Telšių apskr.,,,Kitų profesijų (ne pedagogų) suaugusiųjų švietimo tobulinimo programos,2009,-
Utenos apskr.,,,Kitų profesijų (ne pedagogų) suaugusiųjų švietimo tobulinimo programos,2009,-
Vilniaus apskr.,,,Kitų profesijų (ne pedagogų) suaugusiųjų švietimo tobulinimo programos,2009,-
Alytaus apskr.,,,Kitų profesijų (ne pedagogų) suaugusiųjų švietimo tobulinimo programos,2010,4
Kauno apskr.,,,Kitų profesijų (ne pedagogų) suaugusiųjų švietimo tobulinimo programos,2010,102
Klaipėdos apskr.,,,Kitų profesijų (ne pedagogų) suaugusiųjų švietimo tobulinimo programos,2010,18
Marijampolės apskr.,,,Kitų profesijų (ne pedagogų) suaugusiųjų švietimo tobulinimo programos,2010,6
Panevėžio apskr.,,,Kitų profesijų (ne pedagogų) suaugusiųjų švietimo tobulinimo programos,2010,9
Šiaulių apskr.,,,Kitų profesijų (ne pedagogų) suaugusiųjų švietimo tobulinimo programos,2010,50
Tauragės apskr.,,,Kitų profesijų (ne pedagogų) suaugusiųjų švietimo tobulinimo programos,2010,1
Telšių apskr.,,,Kitų profesijų (ne pedagogų) suaugusiųjų švietimo tobulinimo programos,2010,15
Utenos apskr.,,,Kitų profesijų (ne pedagogų) suaugusiųjų švietimo tobulinimo programos,2010,26
Vilniaus apskr.,,,Kitų profesijų (ne pedagogų) suaugusiųjų švietimo tobulinimo programos,2010,64
Alytaus apskr.,,,Kitų profesijų (ne pedagogų) suaugusiųjų švietimo tobulinimo programos,2011,7
Kauno apskr.,,,Kitų profesijų (ne pedagogų) suaugusiųjų švietimo tobulinimo programos,2011,130
Klaipėdos apskr.,,,Kitų profesijų (ne pedagogų) suaugusiųjų švietimo tobulinimo programos,2011,23
Marijampolės apskr.,,,Kitų profesijų (ne pedagogų) suaugusiųjų švietimo tobulinimo programos,2011,6
Panevėžio apskr.,,,Kitų profesijų (ne pedagogų) suaugusiųjų švietimo tobulinimo programos,2011,31
Šiaulių apskr.,,,Kitų profesijų (ne pedagogų) suaugusiųjų švietimo tobulinimo programos,2011,57
Tauragės apskr.,,,Kitų profesijų (ne pedagogų) suaugusiųjų švietimo tobulinimo programos,2011,1
Telšių apskr.,,,Kitų profesijų (ne pedagogų) suaugusiųjų švietimo tobulinimo programos,2011,15
Utenos apskr.,,,Kitų profesijų (ne pedagogų) suaugusiųjų švietimo tobulinimo programos,2011,29
Vilniaus apskr.,,,Kitų profesijų (ne pedagogų) suaugusiųjų švietimo tobulinimo programos,2011,158
Alytaus apskr.,,,Kitų profesijų (ne pedagogų) suaugusiųjų švietimo tobulinimo programos,2012,63
Kauno apskr.,,,Kitų profesijų (ne pedagogų) suaugusiųjų švietimo tobulinimo programos,2012,141
Klaipėdos apskr.,,,Kitų profesijų (ne pedagogų) suaugusiųjų švietimo tobulinimo programos,2012,237
Marijampolės apskr.,,,Kitų profesijų (ne pedagogų) suaugusiųjų švietimo tobulinimo programos,2012,6
Panevėžio apskr.,,,Kitų profesijų (ne pedagogų) suaugusiųjų švietimo tobulinimo programos,2012,62
Šiaulių apskr.,,,Kitų profesijų (ne pedagogų) suaugusiųjų švietimo tobulinimo programos,2012,81
Tauragės apskr.,,,Kitų profesijų (ne pedagogų) suaugusiųjų švietimo tobulinimo programos,2012,9
Telšių apskr.,,,Kitų profesijų (ne pedagogų) suaugusiųjų švietimo tobulinimo programos,2012,15
Utenos apskr.,,,Kitų profesijų (ne pedagogų) suaugusiųjų švietimo tobulinimo programos,2012,29
Vilniaus apskr.,,,Kitų profesijų (ne pedagogų) suaugusiųjų švietimo tobulinimo programos,2012,238
Alytaus apskr.,,,Kitų profesijų (ne pedagogų) suaugusiųjų švietimo tobulinimo programos,2013,85
Kauno apskr.,,,Kitų profesijų (ne pedagogų) suaugusiųjų švietimo tobulinimo programos,2013,178
Klaipėdos apskr.,,,Kitų profesijų (ne pedagogų) suaugusiųjų švietimo tobulinimo programos,2013,266
Marijampolės apskr.,,,Kitų profesijų (ne pedagogų) suaugusiųjų švietimo tobulinimo programos,2013,6
Panevėžio apskr.,,,Kitų profesijų (ne pedagogų) suaugusiųjų švietimo tobulinimo programos,2013,141
Šiaulių apskr.,,,Kitų profesijų (ne pedagogų) suaugusiųjų švietimo tobulinimo programos,2013,121
Tauragės apskr.,,,Kitų profesijų (ne pedagogų) suaugusiųjų švietimo tobulinimo programos,2013,28
Telšių apskr.,,,Kitų profesijų (ne pedagogų) suaugusiųjų švietimo tobulinimo programos,2013,33
Utenos apskr.,,,Kitų profesijų (ne pedagogų) suaugusiųjų švietimo tobulinimo programos,2013,41
Vilniaus apskr.,,,Kitų profesijų (ne pedagogų) suaugusiųjų švietimo tobulinimo programos,2013,273
Alytaus apskr.,,,Kitų profesijų (ne pedagogų) suaugusiųjų švietimo tobulinimo programos,2014,86
Kauno apskr.,,,Kitų profesijų (ne pedagogų) suaugusiųjų švietimo tobulinimo programos,2014,228
Klaipėdos apskr.,,,Kitų profesijų (ne pedagogų) suaugusiųjų švietimo tobulinimo programos,2014,277
Marijampolės apskr.,,,Kitų profesijų (ne pedagogų) suaugusiųjų švietimo tobulinimo programos,2014,7
Panevėžio apskr.,,,Kitų profesijų (ne pedagogų) suaugusiųjų švietimo tobulinimo programos,2014,142
Šiaulių apskr.,,,Kitų profesijų (ne pedagogų) suaugusiųjų švietimo tobulinimo programos,2014,149
Tauragės apskr.,,,Kitų profesijų (ne pedagogų) suaugusiųjų švietimo tobulinimo programos,2014,30
Telšių apskr.,,,Kitų profesijų (ne pedagogų) suaugusiųjų švietimo tobulinimo programos,2014,36
Utenos apskr.,,,Kitų profesijų (ne pedagogų) suaugusiųjų švietimo tobulinimo programos,2014,42
Vilniaus apskr.,,,Kitų profesijų (ne pedagogų) suaugusiųjų švietimo tobulinimo programos,2014,302
Alytaus apskr.,,,Kitų profesijų (ne pedagogų) suaugusiųjų švietimo tobulinimo programos,2015,86
Kauno apskr.,,,Kitų profesijų (ne pedagogų) suaugusiųjų švietimo tobulinimo programos,2015,228
Klaipėdos apskr.,,,Kitų profesijų (ne pedagogų) suaugusiųjų švietimo tobulinimo programos,2015,277
Marijampolės apskr.,,,Kitų profesijų (ne pedagogų) suaugusiųjų švietimo tobulinimo programos,2015,7
Panevėžio apskr.,,,Kitų profesijų (ne pedagogų) suaugusiųjų švietimo tobulinimo programos,2015,142
Šiaulių apskr.,,,Kitų profesijų (ne pedagogų) suaugusiųjų švietimo tobulinimo programos,2015,149
Tauragės apskr.,,,Kitų profesijų (ne pedagogų) suaugusiųjų švietimo tobulinimo programos,2015,30
Telšių apskr.,,,Kitų profesijų (ne pedagogų) suaugusiųjų švietimo tobulinimo programos,2015,36
Utenos apskr.,,,Kitų profesijų (ne pedagogų) suaugusiųjų švietimo tobulinimo programos,2015,42
Vilniaus apskr.,,,Kitų profesijų (ne pedagogų) suaugusiųjų švietimo tobulinimo programos,2015,302
Alytaus apskr.,,,Kitų profesijų (ne pedagogų) suaugusiųjų švietimo tobulinimo programos,2016,82
Kauno apskr.,,,Kitų profesijų (ne pedagogų) suaugusiųjų švietimo tobulinimo programos,2016,225
Klaipėdos apskr.,,,Kitų profesijų (ne pedagogų) suaugusiųjų švietimo tobulinimo programos,2016,266
Marijampolės apskr.,,,Kitų profesijų (ne pedagogų) suaugusiųjų švietimo tobulinimo programos,2016,7
Panevėžio apskr.,,,Kitų profesijų (ne pedagogų) suaugusiųjų švietimo tobulinimo programos,2016,140
Šiaulių apskr.,,,Kitų profesijų (ne pedagogų) suaugusiųjų švietimo tobulinimo programos,2016,120
Tauragės apskr.,,,Kitų profesijų (ne pedagogų) suaugusiųjų švietimo tobulinimo programos,2016,30
Telšių apskr.,,,Kitų profesijų (ne pedagogų) suaugusiųjų švietimo tobulinimo programos,2016,33
Utenos apskr.,,,Kitų profesijų (ne pedagogų) suaugusiųjų švietimo tobulinimo programos,2016,41
Vilniaus apskr.,,,Kitų profesijų (ne pedagogų) suaugusiųjų švietimo tobulinimo programos,2016,262
Alytaus apskr.,,,Kitų profesijų (ne pedagogų) suaugusiųjų švietimo tobulinimo programos,2017,82
Kauno apskr.,,,Kitų profesijų (ne pedagogų) suaugusiųjų švietimo tobulinimo programos,2017,225
Klaipėdos apskr.,,,Kitų profesijų (ne pedagogų) suaugusiųjų švietimo tobulinimo programos,2017,266
Marijampolės apskr.,,,Kitų profesijų (ne pedagogų) suaugusiųjų švietimo tobulinimo programos,2017,7
Panevėžio apskr.,,,Kitų profesijų (ne pedagogų) suaugusiųjų švietimo tobulinimo programos,2017,140
Šiaulių apskr.,,,Kitų profesijų (ne pedagogų) suaugusiųjų švietimo tobulinimo programos,2017,120
Tauragės apskr.,,,Kitų profesijų (ne pedagogų) suaugusiųjų švietimo tobulinimo programos,2017,30
Telšių apskr.,,,Kitų profesijų (ne pedagogų) suaugusiųjų švietimo tobulinimo programos,2017,33
Utenos apskr.,,,Kitų profesijų (ne pedagogų) suaugusiųjų švietimo tobulinimo programos,2017,41
Vilniaus apskr.,,,Kitų profesijų (ne pedagogų) suaugusiųjų švietimo tobulinimo programos,2017,262
Alytaus apskr.,,,Kitų profesijų (ne pedagogų) suaugusiųjų švietimo tobulinimo programos,2018,82
Kauno apskr.,,,Kitų profesijų (ne pedagogų) suaugusiųjų švietimo tobulinimo programos,2018,225
Klaipėdos apskr.,,,Kitų profesijų (ne pedagogų) suaugusiųjų švietimo tobulinimo programos,2018,261
Marijampolės apskr.,,,Kitų profesijų (ne pedagogų) suaugusiųjų švietimo tobulinimo programos,2018,7
Panevėžio apskr.,,,Kitų profesijų (ne pedagogų) suaugusiųjų švietimo tobulinimo programos,2018,140
Šiaulių apskr.,,,Kitų profesijų (ne pedagogų) suaugusiųjų švietimo tobulinimo programos,2018,120
Tauragės apskr.,,,Kitų profesijų (ne pedagogų) suaugusiųjų švietimo tobulinimo programos,2018,30
Telšių apskr.,,,Kitų profesijų (ne pedagogų) suaugusiųjų švietimo tobulinimo programos,2018,33
Utenos apskr.,,,Kitų profesijų (ne pedagogų) suaugusiųjų švietimo tobulinimo programos,2018,41
Vilniaus apskr.,,,Kitų profesijų (ne pedagogų) suaugusiųjų švietimo tobulinimo programos,2018,262
Alytaus apskr.,,,Pedagogų kvalifikacijos tobulinimo programos,2003,-
Kauno apskr.,,,Pedagogų kvalifikacijos tobulinimo programos,2003,-
Klaipėdos apskr.,,,Pedagogų kvalifikacijos tobulinimo programos,2003,-
Marijampolės apskr.,,,Pedagogų kvalifikacijos tobulinimo programos,2003,-
Panevėžio apskr.,,,Pedagogų kvalifikacijos tobulinimo programos,2003,-
Šiaulių apskr.,,,Pedagogų kvalifikacijos tobulinimo programos,2003,-
Tauragės apskr.,,,Pedagogų kvalifikacijos tobulinimo programos,2003,-
Telšių apskr.,,,Pedagogų kvalifikacijos tobulinimo programos,2003,-
Utenos apskr.,,,Pedagogų kvalifikacijos tobulinimo programos,2003,-
Vilniaus apskr.,,,Pedagogų kvalifikacijos tobulinimo programos,2003,7
Alytaus apskr.,,,Pedagogų kvalifikacijos tobulinimo programos,2004,-
Kauno apskr.,,,Pedagogų kvalifikacijos tobulinimo programos,2004,-
Klaipėdos apskr.,,,Pedagogų kvalifikacijos tobulinimo programos,2004,-
Marijampolės apskr.,,,Pedagogų kvalifikacijos tobulinimo programos,2004,-
Panevėžio apskr.,,,Pedagogų kvalifikacijos tobulinimo programos,2004,-
Šiaulių apskr.,,,Pedagogų kvalifikacijos tobulinimo programos,2004,-
Tauragės apskr.,,,Pedagogų kvalifikacijos tobulinimo programos,2004,-
Telšių apskr.,,,Pedagogų kvalifikacijos tobulinimo programos,2004,-
Utenos apskr.,,,Pedagogų kvalifikacijos tobulinimo programos,2004,-
Vilniaus apskr.,,,Pedagogų kvalifikacijos tobulinimo programos,2004,15
Alytaus apskr.,,,Pedagogų kvalifikacijos tobulinimo programos,2005,-
Kauno apskr.,,,Pedagogų kvalifikacijos tobulinimo programos,2005,5
Klaipėdos apskr.,,,Pedagogų kvalifikacijos tobulinimo programos,2005,-
Marijampolės apskr.,,,Pedagogų kvalifikacijos tobulinimo programos,2005,-
Panevėžio apskr.,,,Pedagogų kvalifikacijos tobulinimo programos,2005,-
Šiaulių apskr.,,,Pedagogų kvalifikacijos tobulinimo programos,2005,1
Tauragės apskr.,,,Pedagogų kvalifikacijos tobulinimo programos,2005,-
Telšių apskr.,,,Pedagogų kvalifikacijos tobulinimo programos,2005,-
Utenos apskr.,,,Pedagogų kvalifikacijos tobulinimo programos,2005,-
Vilniaus apskr.,,,Pedagogų kvalifikacijos tobulinimo programos,2005,19
Alytaus apskr.,,,Pedagogų kvalifikacijos tobulinimo programos,2006,1
Kauno apskr.,,,Pedagogų kvalifikacijos tobulinimo programos,2006,5
Klaipėdos apskr.,,,Pedagogų kvalifikacijos tobulinimo programos,2006,-
Marijampolės apskr.,,,Pedagogų kvalifikacijos tobulinimo programos,2006,-
Panevėžio apskr.,,,Pedagogų kvalifikacijos tobulinimo programos,2006,-
Šiaulių apskr.,,,Pedagogų kvalifikacijos tobulinimo programos,2006,1
Tauragės apskr.,,,Pedagogų kvalifikacijos tobulinimo programos,2006,-
Telšių apskr.,,,Pedagogų kvalifikacijos tobulinimo programos,2006,-
Utenos apskr.,,,Pedagogų kvalifikacijos tobulinimo programos,2006,-
Vilniaus apskr.,,,Pedagogų kvalifikacijos tobulinimo programos,2006,19
Alytaus apskr.,,,Pedagogų kvalifikacijos tobulinimo programos,2007,1
Kauno apskr.,,,Pedagogų kvalifikacijos tobulinimo programos,2007,10
Klaipėdos apskr.,,,Pedagogų kvalifikacijos tobulinimo programos,2007,-
Marijampolės apskr.,,,Pedagogų kvalifikacijos tobulinimo programos,2007,-
Panevėžio apskr.,,,Pedagogų kvalifikacijos tobulinimo programos,2007,-
Šiaulių apskr.,,,Pedagogų kvalifikacijos tobulinimo programos,2007,1
Tauragės apskr.,,,Pedagogų kvalifikacijos tobulinimo programos,2007,-
Telšių apskr.,,,Pedagogų kvalifikacijos tobulinimo programos,2007,-
Utenos apskr.,,,Pedagogų kvalifikacijos tobulinimo programos,2007,-
Vilniaus apskr.,,,Pedagogų kvalifikacijos tobulinimo programos,2007,29
Alytaus apskr.,,,Pedagogų kvalifikacijos tobulinimo programos,2008,7
Kauno apskr.,,,Pedagogų kvalifikacijos tobulinimo programos,2008,10
Klaipėdos apskr.,,,Pedagogų kvalifikacijos tobulinimo programos,2008,1
Marijampolės apskr.,,,Pedagogų kvalifikacijos tobulinimo programos,2008,-
Panevėžio apskr.,,,Pedagogų kvalifikacijos tobulinimo programos,2008,-
Šiaulių apskr.,,,Pedagogų kvalifikacijos tobulinimo programos,2008,3
Tauragės apskr.,,,Pedagogų kvalifikacijos tobulinimo programos,2008,-
Telšių apskr.,,,Pedagogų kvalifikacijos tobulinimo programos,2008,-
Utenos apskr.,,,Pedagogų kvalifikacijos tobulinimo programos,2008,4
Vilniaus apskr.,,,Pedagogų kvalifikacijos tobulinimo programos,2008,33
Alytaus apskr.,,,Pedagogų kvalifikacijos tobulinimo programos,2009,19
Kauno apskr.,,,Pedagogų kvalifikacijos tobulinimo programos,2009,29
Klaipėdos apskr.,,,Pedagogų kvalifikacijos tobulinimo programos,2009,4
Marijampolės apskr.,,,Pedagogų kvalifikacijos tobulinimo programos,2009,2
Panevėžio apskr.,,,Pedagogų kvalifikacijos tobulinimo programos,2009,9
Šiaulių apskr.,,,Pedagogų kvalifikacijos tobulinimo programos,2009,53
Tauragės apskr.,,,Pedagogų kvalifikacijos tobulinimo programos,2009,1
Telšių apskr.,,,Pedagogų kvalifikacijos tobulinimo programos,2009,-
Utenos apskr.,,,Pedagogų kvalifikacijos tobulinimo programos,2009,19
Vilniaus apskr.,,,Pedagogų kvalifikacijos tobulinimo programos,2009,152
Alytaus apskr.,,,Pedagogų kvalifikacijos tobulinimo programos,2010,112
Kauno apskr.,,,Pedagogų kvalifikacijos tobulinimo programos,2010,95
Klaipėdos apskr.,,,Pedagogų kvalifikacijos tobulinimo programos,2010,123
Marijampolės apskr.,,,Pedagogų kvalifikacijos tobulinimo programos,2010,7
Panevėžio apskr.,,,Pedagogų kvalifikacijos tobulinimo programos,2010,34
Šiaulių apskr.,,,Pedagogų kvalifikacijos tobulinimo programos,2010,179
Tauragės apskr.,,,Pedagogų kvalifikacijos tobulinimo programos,2010,1
Telšių apskr.,,,Pedagogų kvalifikacijos tobulinimo programos,2010,9
Utenos apskr.,,,Pedagogų kvalifikacijos tobulinimo programos,2010,33
Vilniaus apskr.,,,Pedagogų kvalifikacijos tobulinimo programos,2010,385
Alytaus apskr.,,,Pedagogų kvalifikacijos tobulinimo programos,2011,161
Kauno apskr.,,,Pedagogų kvalifikacijos tobulinimo programos,2011,172
Klaipėdos apskr.,,,Pedagogų kvalifikacijos tobulinimo programos,2011,179
Marijampolės apskr.,,,Pedagogų kvalifikacijos tobulinimo programos,2011,11
Panevėžio apskr.,,,Pedagogų kvalifikacijos tobulinimo programos,2011,44
Šiaulių apskr.,,,Pedagogų kvalifikacijos tobulinimo programos,2011,281
Tauragės apskr.,,,Pedagogų kvalifikacijos tobulinimo programos,2011,1
Telšių apskr.,,,Pedagogų kvalifikacijos tobulinimo programos,2011,18
Utenos apskr.,,,Pedagogų kvalifikacijos tobulinimo programos,2011,46
Vilniaus apskr.,,,Pedagogų kvalifikacijos tobulinimo programos,2011,579
Alytaus apskr.,,,Pedagogų kvalifikacijos tobulinimo programos,2012,194
Kauno apskr.,,,Pedagogų kvalifikacijos tobulinimo programos,2012,264
Klaipėdos apskr.,,,Pedagogų kvalifikacijos tobulinimo programos,2012,235
Marijampolės apskr.,,,Pedagogų kvalifikacijos tobulinimo programos,2012,11
Panevėžio apskr.,,,Pedagogų kvalifikacijos tobulinimo programos,2012,49
Šiaulių apskr.,,,Pedagogų kvalifikacijos tobulinimo programos,2012,294
Tauragės apskr.,,,Pedagogų kvalifikacijos tobulinimo programos,2012,5
Telšių apskr.,,,Pedagogų kvalifikacijos tobulinimo programos,2012,37
Utenos apskr.,,,Pedagogų kvalifikacijos tobulinimo programos,2012,60
Vilniaus apskr.,,,Pedagogų kvalifikacijos tobulinimo programos,2012,731
Alytaus apskr.,,,Pedagogų kvalifikacijos tobulinimo programos,2013,272
Kauno apskr.,,,Pedagogų kvalifikacijos tobulinimo programos,2013,322
Klaipėdos apskr.,,,Pedagogų kvalifikacijos tobulinimo programos,2013,246
Marijampolės apskr.,,,Pedagogų kvalifikacijos tobulinimo programos,2013,11
Panevėžio apskr.,,,Pedagogų kvalifikacijos tobulinimo programos,2013,83
Šiaulių apskr.,,,Pedagogų kvalifikacijos tobulinimo programos,2013,386
Tauragės apskr.,,,Pedagogų kvalifikacijos tobulinimo programos,2013,9
Telšių apskr.,,,Pedagogų kvalifikacijos tobulinimo programos,2013,79
Utenos apskr.,,,Pedagogų kvalifikacijos tobulinimo programos,2013,89
Vilniaus apskr.,,,Pedagogų kvalifikacijos tobulinimo programos,2013,804
Alytaus apskr.,,,Pedagogų kvalifikacijos tobulinimo programos,2014,299
Kauno apskr.,,,Pedagogų kvalifikacijos tobulinimo programos,2014,421
Klaipėdos apskr.,,,Pedagogų kvalifikacijos tobulinimo programos,2014,256
Marijampolės apskr.,,,Pedagogų kvalifikacijos tobulinimo programos,2014,11
Panevėžio apskr.,,,Pedagogų kvalifikacijos tobulinimo programos,2014,86
Šiaulių apskr.,,,Pedagogų kvalifikacijos tobulinimo programos,2014,421
Tauragės apskr.,,,Pedagogų kvalifikacijos tobulinimo programos,2014,9
Telšių apskr.,,,Pedagogų kvalifikacijos tobulinimo programos,2014,81
Utenos apskr.,,,Pedagogų kvalifikacijos tobulinimo programos,2014,108
Vilniaus apskr.,,,Pedagogų kvalifikacijos tobulinimo programos,2014,925
Alytaus apskr.,,,Pedagogų kvalifikacijos tobulinimo programos,2015,299
Kauno apskr.,,,Pedagogų kvalifikacijos tobulinimo programos,2015,421
Klaipėdos apskr.,,,Pedagogų kvalifikacijos tobulinimo programos,2015,256
Marijampolės apskr.,,,Pedagogų kvalifikacijos tobulinimo programos,2015,11
Panevėžio apskr.,,,Pedagogų kvalifikacijos tobulinimo programos,2015,86
Šiaulių apskr.,,,Pedagogų kvalifikacijos tobulinimo programos,2015,419
Tauragės apskr.,,,Pedagogų kvalifikacijos tobulinimo programos,2015,9
Telšių apskr.,,,Pedagogų kvalifikacijos tobulinimo programos,2015,81
Utenos apskr.,,,Pedagogų kvalifikacijos tobulinimo programos,2015,108
Vilniaus apskr.,,,Pedagogų kvalifikacijos tobulinimo programos,2015,925
Alytaus apskr.,,,Pedagogų kvalifikacijos tobulinimo programos,2016,147
Kauno apskr.,,,Pedagogų kvalifikacijos tobulinimo programos,2016,377
Klaipėdos apskr.,,,Pedagogų kvalifikacijos tobulinimo programos,2016,94
Marijampolės apskr.,,,Pedagogų kvalifikacijos tobulinimo programos,2016,4
Panevėžio apskr.,,,Pedagogų kvalifikacijos tobulinimo programos,2016,60
Šiaulių apskr.,,,Pedagogų kvalifikacijos tobulinimo programos,2016,132
Tauragės apskr.,,,Pedagogų kvalifikacijos tobulinimo programos,2016,8
Telšių apskr.,,,Pedagogų kvalifikacijos tobulinimo programos,2016,29
Utenos apskr.,,,Pedagogų kvalifikacijos tobulinimo programos,2016,74
Vilniaus apskr.,,,Pedagogų kvalifikacijos tobulinimo programos,2016,577
Alytaus apskr.,,,Pedagogų kvalifikacijos tobulinimo programos,2017,147
Kauno apskr.,,,Pedagogų kvalifikacijos tobulinimo programos,2017,377
Klaipėdos apskr.,,,Pedagogų kvalifikacijos tobulinimo programos,2017,94
Marijampolės apskr.,,,Pedagogų kvalifikacijos tobulinimo programos,2017,4
Panevėžio apskr.,,,Pedagogų kvalifikacijos tobulinimo programos,2017,60
Šiaulių apskr.,,,Pedagogų kvalifikacijos tobulinimo programos,2017,132
Tauragės apskr.,,,Pedagogų kvalifikacijos tobulinimo programos,2017,8
Telšių apskr.,,,Pedagogų kvalifikacijos tobulinimo programos,2017,29
Utenos apskr.,,,Pedagogų kvalifikacijos tobulinimo programos,2017,74
Vilniaus apskr.,,,Pedagogų kvalifikacijos tobulinimo programos,2017,577
Alytaus apskr.,,,Pedagogų kvalifikacijos tobulinimo programos,2018,147
Kauno apskr.,,,Pedagogų kvalifikacijos tobulinimo programos,2018,371
Klaipėdos apskr.,,,Pedagogų kvalifikacijos tobulinimo programos,2018,93
Marijampolės apskr.,,,Pedagogų kvalifikacijos tobulinimo programos,2018,4
Panevėžio apskr.,,,Pedagogų kvalifikacijos tobulinimo programos,2018,60
Šiaulių apskr.,,,Pedagogų kvalifikacijos tobulinimo programos,2018,132
Tauragės apskr.,,,Pedagogų kvalifikacijos tobulinimo programos,2018,8
Telšių apskr.,,,Pedagogų kvalifikacijos tobulinimo programos,2018,29
Utenos apskr.,,,Pedagogų kvalifikacijos tobulinimo programos,2018,74
Vilniaus apskr.,,,Pedagogų kvalifikacijos tobulinimo programos,2018,577

